{"cameraMode":{"drawMode":0,"name":"Shaded","section":"Shading Mode"},"sceneLighting":false,"audioPlay":false,"sceneViewState":{"showFog":true,"showMaterialUpdate":true,"showSkybox":false,"showFlares":true,"showImageEffects":true,"showParticleSystems":true},"in2DMode":false,"pivot":{"x":3.71000075340271,"y":1.3000001907348633,"z":159.60000610351563},"rotation":{"x":0.22893474996089936,"y":-0.011680944822728634,"z":0.002747391350567341,"w":0.9733678102493286},"size":13.777148246765137,"orthographic":false}