{"cameraMode":{"drawMode":0,"name":"Shaded","section":"Shading Mode"},"sceneLighting":false,"audioPlay":false,"sceneViewState":{"showFog":true,"showMaterialUpdate":true,"showSkybox":false,"showFlares":true,"showImageEffects":true,"showParticleSystems":true},"in2DMode":false,"pivot":{"x":-2.4800000190734865,"y":0.9700000286102295,"z":5.5},"rotation":{"x":0.1716364175081253,"y":0.010343980975449086,"z":-0.0018022258300334216,"w":0.9851044416427612},"size":13.404664039611817,"orthographic":false}