{"cameraMode":{"drawMode":0,"name":"Shaded","section":"Shading Mode"},"sceneLighting":true,"audioPlay":false,"sceneViewState":{"showFog":true,"showMaterialUpdate":true,"showSkybox":true,"showFlares":true,"showImageEffects":true,"showParticleSystems":true},"in2DMode":false,"pivot":{"x":0.5399999618530273,"y":2.990001678466797,"z":223.39999389648438},"rotation":{"x":0.25222262740135195,"y":-0.013063031248748303,"z":0.003405254567041993,"w":0.9675751328468323},"size":53.96385192871094,"orthographic":false}